"Date","Price","Open","High","Low","Vol.","Change %"
"03/24/2023","1,685.17","1,689.46","1,690.02","1,678.76","","-0.37%"
"03/23/2023","1,691.40","1,682.36","1,693.25","1,681.94","","0.85%"
"03/22/2023","1,677.15","1,677.14","1,685.98","1,675.21","","0.07%"
"03/21/2023","1,675.99","1,677.52","1,678.36","1,674.72","","0.10%"
"03/20/2023","1,674.25","1,674.13","1,677.17","1,671.63","","-0.07%"
"03/17/2023","1,675.48","1,674.41","1,679.11","1,672.87","","0.30%"
"03/16/2023","1,670.48","1,668.92","1,674.13","1,668.12","","-0.06%"
"03/15/2023","1,671.44","1,679.49","1,679.69","1,665.95","","-0.23%"
"03/14/2023","1,675.30","1,680.64","1,680.66","1,673.68","","-0.05%"
"03/13/2023","1,676.12","1,670.87","1,682.56","1,670.83","","0.58%"
"03/10/2023","1,666.38","1,664.48","1,674.88","1,662.10","","0.03%"
"03/09/2023","1,665.89","1,668.28","1,668.63","1,663.53","","-0.05%"
"03/08/2023","1,666.65","1,665.66","1,671.00","1,662.00","","-0.41%"
"03/07/2023","1,673.43","1,676.28","1,677.47","1,664.93","","-0.19%"
"03/06/2023","1,676.68","1,678.52","1,679.09","1,673.78","","0.07%"
"03/03/2023","1,675.47","1,670.83","1,678.74","1,670.78","","0.28%"
"03/02/2023","1,670.81","1,677.15","1,678.14","1,668.03","","-0.10%"
"03/01/2023","1,672.48","1,663.77","1,678.73","1,663.36","","0.41%"
"02/28/2023","1,665.61","1,664.53","1,666.19","1,661.67","","0.13%"
"02/27/2023","1,663.41","1,662.85","1,665.20","1,658.85","","-0.22%"
"02/24/2023","1,667.15","1,674.56","1,675.05","1,661.53","","-0.52%"
"02/23/2023","1,675.91","1,672.78","1,677.44","1,672.38","","0.21%"
"02/22/2023","1,672.34","1,673.15","1,674.30","1,670.56","","-0.24%"
"02/21/2023","1,676.38","1,678.78","1,679.35","1,671.74","","-0.16%"
"02/20/2023","1,679.13","1,677.12","1,679.81","1,676.26","","0.30%"
"02/17/2023","1,674.19","1,677.31","1,677.57","1,670.61","","-0.29%"
"02/16/2023","1,679.05","1,678.86","1,682.27","1,673.76","","-0.01%"
"02/15/2023","1,679.26","1,684.89","1,685.16","1,676.61","","-0.48%"
"02/14/2023","1,687.39","1,686.41","1,691.54","1,683.55","","0.16%"
"02/13/2023","1,684.69","1,687.26","1,687.50","1,682.15","","-0.18%"
"02/10/2023","1,687.70","1,689.88","1,690.43","1,684.85","","-0.23%"
"02/09/2023","1,691.59","1,690.92","1,695.31","1,689.48","","-0.02%"
"02/08/2023","1,691.87","1,691.80","1,694.13","1,689.63","","-0.02%"
"02/07/2023","1,692.14","1,690.43","1,694.35","1,688.01","","-0.02%"
"02/06/2023","1,692.50","1,698.41","1,698.72","1,688.26","","-0.90%"
"02/03/2023","1,707.86","1,712.80","1,712.80","1,697.48","","-0.47%"
"02/02/2023","1,715.91","1,713.35","1,717.60","1,712.29","","0.48%"
"02/01/2023","1,707.70","1,704.17","1,714.18","1,704.08","","0.23%"
"01/31/2023","1,703.77","1,704.65","1,705.40","1,700.64","","-0.14%"
"01/30/2023","1,706.12","1,701.95","1,706.80","1,701.90","","0.30%"
"01/27/2023","1,701.00","1,702.75","1,704.61","1,700.32","","-0.01%"
"01/26/2023","1,701.20","1,701.46","1,703.40","1,700.47","","0.02%"
"01/25/2023","1,700.84","1,699.01","1,701.45","1,698.06","","0.18%"
"01/24/2023","1,697.81","1,697.67","1,699.21","1,695.74","","-0.02%"
"01/23/2023","1,698.07","1,698.78","1,700.77","1,696.15","","0.05%"
"01/20/2023","1,697.30","1,697.13","1,698.79","1,694.61","","0.14%"
"01/19/2023","1,694.86","1,697.61","1,698.14","1,692.19","","-0.33%"
"01/18/2023","1,700.55","1,697.54","1,705.83","1,693.83","","0.24%"
"01/17/2023","1,696.50","1,698.29","1,699.75","1,693.22","","-0.30%"
"01/16/2023","1,701.59","1,704.44","1,707.90","1,697.65","","-0.03%"
"01/13/2023","1,702.18","1,700.42","1,704.37","1,698.15","","0.45%"
"01/12/2023","1,694.53","1,691.79","1,701.58","1,691.18","","0.27%"
"01/11/2023","1,689.89","1,689.45","1,691.49","1,686.58","","0.13%"
"01/10/2023","1,687.64","1,686.93","1,689.66","1,684.68","","0.15%"
"01/09/2023","1,685.10","1,676.67","1,688.40","1,676.60","","0.93%"
"01/06/2023","1,669.56","1,664.41","1,677.23","1,664.37","","0.28%"
"01/05/2023","1,664.87","1,664.01","1,667.19","1,662.17","","0.08%"
"01/04/2023","1,663.47","1,658.56","1,664.97","1,658.13","","0.10%"
"01/03/2023","1,661.77","1,662.68","1,666.37","1,657.75","","0.03%"
"01/02/2023","1,661.24","1,665.52","1,665.70","1,661.24","","0.04%"
"12/30/2022","1,660.55","1,659.35","1,667.20","1,658.63","","0.09%"
"12/29/2022","1,659.13","1,654.21","1,660.27","1,654.20","","0.16%"
"12/28/2022","1,656.43","1,655.74","1,656.45","1,653.78","","0.03%"
"12/27/2022","1,655.86","1,657.48","1,660.55","1,654.72","","0.00%"
"12/26/2022","1,655.80","1,654.96","1,658.51","1,654.82","","0.04%"
"12/23/2022","1,655.20","1,651.50","1,655.20","1,651.47","","-0.02%"
"12/22/2022","1,655.56","1,653.24","1,655.83","1,650.75","","0.15%"
"12/21/2022","1,653.03","1,653.57","1,654.06","1,650.94","","0.08%"
"12/20/2022","1,651.79","1,647.06","1,654.06","1,645.35","","0.29%"
"12/19/2022","1,646.95","1,644.10","1,648.49","1,643.61","","0.13%"
"12/16/2022","1,644.80","1,641.88","1,645.93","1,641.75","","-0.11%"
"12/15/2022","1,646.55","1,653.71","1,653.76","1,641.17","","-0.39%"
"12/14/2022","1,652.95","1,652.98","1,655.05","1,649.90","","0.38%"
"12/13/2022","1,646.70","1,643.84","1,653.24","1,641.64","","0.17%"
"12/12/2022","1,643.84","1,648.79","1,648.79","1,642.56","","-0.40%"
"12/09/2022","1,650.47","1,647.81","1,652.92","1,647.61","","0.24%"
"12/08/2022","1,646.50","1,647.82","1,648.43","1,644.78","","0.09%"
"12/07/2022","1,644.96","1,642.81","1,648.24","1,641.12","","0.15%"
"12/06/2022","1,642.42","1,648.59","1,650.27","1,640.73","","-0.67%"
"12/05/2022","1,653.44","1,649.30","1,658.00","1,648.14","","0.41%"
"12/02/2022","1,646.66","1,646.76","1,651.44","1,645.70","","0.14%"
"12/01/2022","1,644.42","1,641.39","1,648.66","1,641.39","","0.68%"
"11/30/2022","1,633.38","1,629.22","1,641.09","1,628.54","","0.34%"
"11/29/2022","1,627.86","1,619.69","1,629.28","1,619.66","","0.42%"
"11/28/2022","1,620.98","1,622.63","1,622.97","1,616.43","","-0.31%"
"11/25/2022","1,625.95","1,626.56","1,629.50","1,621.63","","-0.04%"
"11/24/2022","1,626.55","1,621.76","1,628.03","1,621.48","","0.53%"
"11/23/2022","1,617.94","1,618.81","1,621.65","1,615.45","","-0.03%"
"11/22/2022","1,618.44","1,614.55","1,619.54","1,614.21","","0.20%"
"11/21/2022","1,615.16","1,621.26","1,621.27","1,612.42","","-0.39%"
"11/18/2022","1,621.44","1,617.61","1,623.08","1,617.31","","0.19%"
"11/17/2022","1,618.29","1,623.89","1,625.45","1,611.38","","-0.67%"
"11/16/2022","1,629.21","1,633.23","1,633.33","1,623.61","","-0.32%"
"11/15/2022","1,634.37","1,631.64","1,637.86","1,630.45","","0.21%"
"11/14/2022","1,630.95","1,630.13","1,635.49","1,627.94","","0.22%"
"11/11/2022","1,627.42","1,614.98","1,630.94","1,614.37","","1.67%"
"11/10/2022","1,600.65","1,601.83","1,615.00","1,596.45","","-0.20%"
"11/09/2022","1,603.90","1,602.86","1,606.94","1,601.27","","0.41%"
"11/08/2022","1,597.35","1,598.29","1,603.60","1,595.12","","0.09%"
"11/07/2022","1,595.95","1,597.80","1,600.62","1,592.09","","0.43%"
"11/04/2022","1,589.07","1,580.80","1,599.05","1,579.08","","0.65%"
"11/03/2022","1,578.85","1,580.58","1,581.75","1,575.14","","-0.27%"
"11/02/2022","1,583.15","1,583.57","1,585.36","1,581.55","","-0.06%"
"11/01/2022","1,584.13","1,577.79","1,586.89","1,576.41","","0.43%"
"10/31/2022","1,577.30","1,582.91","1,583.35","1,572.95","","-0.26%"
"10/28/2022","1,581.36","1,583.95","1,585.84","1,579.50","","-0.32%"
"10/27/2022","1,586.44","1,590.24","1,590.64","1,581.30","","0.14%"
"10/26/2022","1,584.27","1,577.44","1,590.80","1,574.41","","0.72%"
"10/25/2022","1,572.99","1,573.10","1,578.29","1,569.30","","-0.11%"
"10/24/2022","1,574.71","1,582.22","1,582.43","1,572.46","","-0.22%"
"10/21/2022","1,578.21","1,580.60","1,582.39","1,572.63","","-0.14%"
"10/20/2022","1,580.46","1,577.03","1,584.30","1,575.37","","0.06%"
"10/19/2022","1,579.55","1,584.95","1,586.49","1,576.19","","-0.36%"
"10/18/2022","1,585.27","1,584.29","1,587.69","1,582.92","","0.14%"
"10/17/2022","1,582.98","1,581.00","1,585.73","1,580.01","","-0.08%"
"10/14/2022","1,584.17","1,587.04","1,588.22","1,579.85","","0.08%"
"10/13/2022","1,582.98","1,586.83","1,587.80","1,576.80","","-0.21%"
"10/12/2022","1,586.37","1,586.07","1,588.22","1,582.93","","0.02%"
"10/11/2022","1,586.07","1,589.57","1,589.97","1,584.14","","-0.43%"
"10/10/2022","1,592.86","1,592.88","1,593.26","1,588.43","","-0.24%"
"10/07/2022","1,596.65","1,597.06","1,597.51","1,592.02","","-0.32%"
"10/06/2022","1,601.81","1,599.32","1,603.68","1,597.20","","0.08%"
"10/05/2022","1,600.53","1,600.66","1,603.80","1,595.58","","0.02%"
"10/04/2022","1,600.28","1,595.15","1,601.29","1,593.70","","0.37%"
"10/03/2022","1,594.34","1,587.97","1,594.88","1,584.80","","0.14%"
"09/30/2022","1,592.11","1,590.39","1,593.01","1,587.32","","0.67%"
"09/29/2022","1,581.44","1,586.04","1,590.58","1,578.81","","0.27%"
"09/28/2022","1,577.22","1,585.03","1,587.11","1,573.48","","-0.65%"
"09/27/2022","1,587.60","1,586.32","1,589.38","1,583.87","","0.07%"
"09/26/2022","1,586.54","1,593.20","1,593.20","1,585.47","","-0.70%"
"09/23/2022","1,597.77","1,605.53","1,605.90","1,592.00","","-0.36%"
"09/22/2022","1,603.49","1,611.04","1,611.06","1,601.32","","-0.50%"
"09/21/2022","1,611.51","1,616.80","1,617.31","1,610.70","","-0.35%"
"09/20/2022","1,617.23","1,618.51","1,619.11","1,614.86","","0.09%"
"09/19/2022","1,615.77","1,619.59","1,620.01","1,613.34","","0.01%"
"09/16/2022","1,615.68","1,616.69","1,619.55","1,613.33","","-0.29%"
"09/15/2022","1,620.39","1,624.39","1,624.45","1,616.37","","-0.27%"
"09/14/2022","1,624.80","1,625.60","1,625.65","1,622.13","","-0.46%"
"09/13/2022","1,632.23","1,635.36","1,636.88","1,624.69","","-0.11%"
"09/12/2022","1,633.99","1,631.76","1,635.49","1,630.27","","0.12%"
"09/09/2022","1,632.00","1,625.94","1,633.01","1,625.84","","0.40%"
"09/08/2022","1,625.45","1,626.27","1,627.60","1,623.53","","0.14%"
"09/07/2022","1,623.22","1,625.30","1,626.85","1,620.16","","-0.30%"
"09/06/2022","1,628.03","1,631.87","1,633.62","1,624.29","","-0.17%"
"09/05/2022","1,630.76","1,635.12","1,635.37","1,628.55","","-0.29%"
"09/02/2022","1,635.58","1,634.21","1,636.90","1,632.17","","-0.04%"
"09/01/2022","1,636.25","1,641.11","1,641.11","1,633.40","","-0.37%"
"08/31/2022","1,642.38","1,639.09","1,644.66","1,638.53","","0.01%"
"08/30/2022","1,642.22","1,642.02","1,644.94","1,638.73","","0.13%"
"08/29/2022","1,640.05","1,644.57","1,644.60","1,637.63","","-0.51%"
"08/26/2022","1,648.45","1,648.93","1,650.23","1,644.41","","-0.02%"
"08/25/2022","1,648.73","1,645.37","1,649.14","1,645.12","","0.22%"
"08/24/2022","1,645.03","1,647.69","1,647.75","1,643.11","","-0.05%"
"08/23/2022","1,645.84","1,644.36","1,649.78","1,641.55","","0.01%"
"08/22/2022","1,645.70","1,648.32","1,648.38","1,642.80","","-0.30%"
"08/19/2022","1,650.59","1,654.27","1,654.52","1,646.62","","-0.31%"
"08/18/2022","1,655.66","1,659.90","1,660.03","1,652.82","","-0.28%"
"08/17/2022","1,660.33","1,661.77","1,663.61","1,657.82","","0.01%"
"08/16/2022","1,660.20","1,661.57","1,662.48","1,660.20","","-0.26%"
"08/15/2022","1,664.60","1,668.27","1,668.43","1,661.14","","-0.20%"
"08/12/2022","1,667.99","1,665.24","1,668.27","1,664.77","","0.05%"
"08/11/2022","1,667.08","1,670.50","1,670.53","1,664.83","","0.11%"
"08/10/2022","1,665.33","1,661.41","1,671.97","1,660.14","","0.23%"
"08/09/2022","1,661.59","1,662.34","1,662.73","1,660.39","","0.07%"
"08/08/2022","1,660.43","1,659.85","1,662.41","1,657.76","","-0.07%"
"08/05/2022","1,661.57","1,661.06","1,663.23","1,657.38","","0.26%"
"08/04/2022","1,657.25","1,656.93","1,660.92","1,654.49","","0.11%"
"08/03/2022","1,655.38","1,656.76","1,658.73","1,653.92","","-0.27%"
"08/02/2022","1,659.88","1,657.83","1,662.69","1,656.91","","-0.15%"
"08/01/2022","1,662.41","1,659.79","1,662.41","1,656.41","","0.08%"
"07/29/2022","1,661.11","1,660.12","1,663.69","1,657.30","","0.16%"
"07/28/2022","1,658.38","1,655.42","1,660.43","1,654.35","","0.40%"
"07/27/2022","1,651.80","1,650.92","1,655.45","1,649.62","","-0.05%"
"07/26/2022","1,652.67","1,653.34","1,654.14","1,649.94","","0.07%"
"07/25/2022","1,651.48","1,650.52","1,653.04","1,648.89","","0.13%"
"07/22/2022","1,649.29","1,647.77","1,652.08","1,645.58","","0.11%"
"07/21/2022","1,647.55","1,647.66","1,649.13","1,645.50","","-0.11%"
"07/20/2022","1,649.31","1,652.22","1,653.05","1,647.16","","-0.11%"
"07/19/2022","1,651.11","1,648.49","1,652.72","1,647.19","","0.05%"
"07/18/2022","1,650.34","1,647.60","1,651.36","1,647.17","","0.31%"
"07/15/2022","1,645.23","1,645.48","1,647.40","1,641.79","","-0.06%"
"07/14/2022","1,646.23","1,653.53","1,653.67","1,639.61","","-0.44%"
"07/13/2022","1,653.58","1,651.61","1,655.41","1,647.99","","0.22%"
"07/12/2022","1,650.01","1,652.81","1,653.12","1,648.60","","-0.35%"
"07/11/2022","1,655.84","1,662.31","1,662.40","1,652.01","","-0.27%"
"07/08/2022","1,660.39","1,660.56","1,662.31","1,657.53","","0.08%"
"07/07/2022","1,659.13","1,656.67","1,660.98","1,655.55","","0.19%"
"07/06/2022","1,656.04","1,657.20","1,658.75","1,655.12","","-0.21%"
"07/05/2022","1,659.57","1,665.50","1,666.72","1,654.72","","-0.38%"
"07/04/2022","1,665.83","1,663.95","1,667.06","1,663.40","","0.15%"
"07/01/2022","1,663.38","1,668.83","1,668.83","1,660.98","","-0.21%"
"06/30/2022","1,666.83","1,667.62","1,669.63","1,664.56","","-0.08%"
"06/29/2022","1,668.16","1,668.07","1,669.97","1,666.67","","-0.32%"
"06/28/2022","1,673.55","1,674.19","1,675.82","1,667.88","","-0.12%"
"06/27/2022","1,675.50","1,673.48","1,676.75","1,672.65","","0.28%"
"06/24/2022","1,670.86","1,670.78","1,674.15","1,668.97","","0.08%"
"06/23/2022","1,669.47","1,671.22","1,671.22","1,666.89","","-0.05%"
"06/22/2022","1,670.23","1,674.34","1,674.35","1,666.98","","-0.24%"
"06/21/2022","1,674.33","1,672.93","1,675.24","1,671.51","","0.03%"
"06/20/2022","1,673.82","1,671.81","1,675.83","1,670.77","","0.08%"
"06/17/2022","1,672.56","1,675.50","1,675.85","1,669.02","","-0.01%"
"06/16/2022","1,672.74","1,678.24","1,678.74","1,670.43","","0.12%"
"06/15/2022","1,670.74","1,670.78","1,678.49","1,669.19","","0.01%"
"06/14/2022","1,670.65","1,667.78","1,673.66","1,666.69","","0.04%"
"06/13/2022","1,669.96","1,678.42","1,678.42","1,665.69","","-0.80%"
"06/10/2022","1,683.46","1,688.28","1,689.48","1,677.38","","-0.48%"
"06/09/2022","1,691.65","1,692.67","1,695.19","1,687.19","","-0.14%"
"06/08/2022","1,693.97","1,695.11","1,695.85","1,691.16","","0.00%"
"06/07/2022","1,694.04","1,697.74","1,698.28","1,692.07","","-0.45%"
"06/06/2022","1,701.72","1,699.17","1,702.85","1,697.52","","0.15%"
"06/03/2022","1,699.14","1,703.12","1,704.25","1,697.90","","0.11%"
"06/02/2022","1,697.31","1,696.75","1,702.84","1,692.52","","-0.06%"
"06/01/2022","1,698.38","1,702.38","1,703.47","1,696.12","","-0.35%"
"05/31/2022","1,704.27","1,705.47","1,705.55","1,700.56","","0.01%"
"05/30/2022","1,704.06","1,696.41","1,706.55","1,695.96","","0.56%"
"05/27/2022","1,694.65","1,689.18","1,697.17","1,687.33","","0.49%"
"05/26/2022","1,686.41","1,688.67","1,690.09","1,683.30","","-0.20%"
"05/25/2022","1,689.84","1,692.50","1,693.10","1,685.73","","0.01%"
"05/24/2022","1,689.72","1,692.21","1,693.50","1,688.37","","-0.11%"
"05/23/2022","1,691.58","1,682.49","1,693.92","1,682.45","","0.32%"
"05/20/2022","1,686.22","1,682.98","1,686.25","1,679.33","","0.68%"
"05/19/2022","1,674.79","1,672.90","1,683.39","1,671.62","","-0.14%"
"05/18/2022","1,677.14","1,679.79","1,680.11","1,671.83","","0.07%"
"05/17/2022","1,675.99","1,668.19","1,680.49","1,668.10","","0.54%"
"05/16/2022","1,666.92","1,668.55","1,669.38","1,664.32","","0.02%"
"05/13/2022","1,666.66","1,664.47","1,668.27","1,663.29","","0.08%"
"05/12/2022","1,665.31","1,672.47","1,672.57","1,661.22","","-0.53%"
"05/11/2022","1,674.22","1,672.84","1,676.62","1,669.81","","0.10%"
"05/10/2022","1,672.62","1,671.04","1,676.00","1,669.10","","0.06%"
"05/09/2022","1,671.70","1,680.94","1,680.94","1,669.97","","-0.54%"
"05/06/2022","1,680.85","1,685.09","1,685.10","1,679.17","","-0.57%"
"05/05/2022","1,690.49","1,700.20","1,700.72","1,682.23","","-0.10%"
"05/04/2022","1,692.18","1,693.52","1,699.80","1,690.66","","0.03%"
"05/03/2022","1,691.72","1,687.15","1,693.01","1,686.08","","0.04%"
"05/02/2022","1,690.96","1,692.28","1,693.08","1,686.14","","-0.25%"
"04/29/2022","1,695.28","1,688.05","1,696.61","1,685.98","","0.51%"
"04/28/2022","1,686.71","1,695.37","1,695.73","1,682.82","","-0.46%"
"04/27/2022","1,694.43","1,696.69","1,696.71","1,692.07","","-0.33%"
"04/26/2022","1,700.00","1,702.98","1,707.63","1,696.01","","-0.03%"
"04/25/2022","1,700.53","1,711.23","1,711.27","1,699.39","","-0.80%"
"04/22/2022","1,714.26","1,721.33","1,722.14","1,709.54","","-0.53%"
"04/21/2022","1,723.47","1,728.62","1,729.72","1,720.45","","-0.27%"
"04/20/2022","1,728.14","1,727.57","1,729.12","1,724.90","","-0.05%"
"04/19/2022","1,729.00","1,733.78","1,734.10","1,726.26","","-0.24%"
"04/18/2022","1,733.17","1,734.29","1,734.36","1,731.43","","-0.16%"
"04/15/2022","1,735.88","1,734.25","1,735.88","1,732.87","","0.01%"
"04/14/2022","1,735.74","1,738.35","1,739.45","1,731.78","","-0.05%"
"04/13/2022","1,736.54","1,736.92","1,739.09","1,734.84","","0.11%"
"04/12/2022","1,734.56","1,735.04","1,737.98","1,732.81","","0.00%"
"04/11/2022","1,734.60","1,737.22","1,737.26","1,733.10","","-0.12%"
"04/08/2022","1,736.64","1,737.72","1,737.72","1,732.97","","-0.04%"
"04/07/2022","1,737.33","1,740.38","1,740.70","1,736.52","","-0.24%"
"04/06/2022","1,741.51","1,743.76","1,743.84","1,739.37","","-0.26%"
"04/05/2022","1,746.01","1,747.48","1,748.97","1,742.68","","-0.04%"
"04/04/2022","1,746.64","1,742.42","1,747.46","1,742.32","","0.22%"
"04/01/2022","1,742.83","1,743.99","1,744.04","1,740.69","","-0.09%"
"03/31/2022","1,744.43","1,744.63","1,746.23","1,742.77","","0.03%"
"03/30/2022","1,743.82","1,738.82","1,745.14","1,736.30","","0.50%"
"03/29/2022","1,735.19","1,727.46","1,740.77","1,727.35","","0.54%"
"03/28/2022","1,725.81","1,726.30","1,728.32","1,723.66","","-0.19%"
"03/25/2022","1,729.10","1,725.19","1,729.10","1,725.17","","0.12%"
"03/24/2022","1,727.10","1,726.23","1,727.54","1,724.22","","-0.02%"
"03/23/2022","1,727.49","1,723.84","1,727.49","1,721.48","","0.27%"
"03/22/2022","1,722.78","1,722.60","1,724.38","1,718.63","","0.01%"
"03/21/2022","1,722.59","1,723.23","1,725.63","1,720.15","","-0.11%"
"03/18/2022","1,724.43","1,727.20","1,727.83","1,720.52","","-0.06%"
"03/17/2022","1,725.47","1,723.95","1,728.05","1,721.98","","0.54%"
"03/16/2022","1,716.26","1,709.16","1,722.04","1,707.85","","0.52%"
"03/15/2022","1,707.34","1,705.67","1,710.97","1,701.89","","0.03%"
"03/14/2022","1,706.89","1,707.64","1,711.29","1,703.19","","-0.19%"
"03/11/2022","1,710.22","1,713.20","1,716.60","1,707.04","","-0.15%"
"03/10/2022","1,712.83","1,714.35","1,717.83","1,711.12","","0.15%"
"03/09/2022","1,710.24","1,708.17","1,718.27","1,706.90","","0.24%"
"03/08/2022","1,706.12","1,704.04","1,710.93","1,703.74","","0.06%"
"03/07/2022","1,705.03","1,716.85","1,716.85","1,701.75","","-0.71%"
"03/04/2022","1,717.22","1,726.28","1,726.63","1,713.89","","-0.64%"
"03/03/2022","1,728.33","1,729.25","1,730.58","1,721.17","","0.34%"
"03/02/2022","1,722.50","1,725.06","1,731.39","1,722.09","","-0.24%"
"03/01/2022","1,726.72","1,729.03","1,737.38","1,721.30","","-0.09%"
"02/28/2022","1,728.28","1,741.26","1,741.29","1,725.49","","-0.76%"
"02/25/2022","1,741.52","1,735.39","1,744.21","1,735.29","","0.41%"
"02/24/2022","1,734.41","1,750.74","1,750.95","1,729.79","","-0.96%"
"02/23/2022","1,751.17","1,751.25","1,753.75","1,750.43","","0.10%"
"02/22/2022","1,749.48","1,748.63","1,751.71","1,745.09","","-0.09%"
"02/21/2022","1,750.99","1,749.33","1,752.83","1,748.26","","0.04%"
"02/18/2022","1,750.29","1,748.12","1,752.29","1,747.65","","0.12%"
"02/17/2022","1,748.24","1,750.12","1,750.98","1,746.60","","-0.01%"
"02/16/2022","1,748.45","1,747.77","1,750.11","1,746.78","","0.19%"
"02/15/2022","1,745.13","1,741.63","1,747.55","1,741.38","","0.14%"
"02/14/2022","1,742.63","1,740.03","1,742.86","1,738.73","","-0.04%"
"02/11/2022","1,743.29","1,743.75","1,745.49","1,739.05","","-0.20%"
"02/10/2022","1,746.86","1,745.41","1,747.57","1,742.30","","0.16%"
"02/09/2022","1,744.08","1,742.85","1,745.97","1,742.29","","0.14%"
"02/08/2022","1,741.56","1,742.09","1,742.57","1,739.41","","0.04%"
"02/07/2022","1,740.87","1,742.63","1,743.01","1,739.27","","0.10%"
"02/04/2022","1,739.21","1,741.86","1,742.91","1,738.22","","0.00%"
"02/03/2022","1,739.17","1,740.19","1,741.63","1,738.09","","0.05%"
"02/02/2022","1,738.27","1,740.12","1,741.64","1,738.27","","-0.01%"
"02/01/2022","1,738.50","1,738.12","1,739.99","1,737.33","","0.10%"
"01/31/2022","1,736.69","1,731.99","1,738.23","1,731.62","","0.29%"
"01/28/2022","1,731.71","1,733.58","1,734.11","1,730.13","","-0.14%"
"01/27/2022","1,734.08","1,739.43","1,739.43","1,730.63","","-0.30%"
"01/26/2022","1,739.32","1,739.92","1,741.15","1,737.37","","0.04%"
"01/25/2022","1,738.60","1,740.49","1,740.54","1,736.94","","-0.04%"
"01/24/2022","1,739.21","1,742.70","1,743.74","1,736.83","","-0.19%"
"01/21/2022","1,742.55","1,742.86","1,744.00","1,740.93","","-0.08%"
"01/20/2022","1,743.87","1,743.67","1,745.43","1,741.99","","0.16%"
"01/19/2022","1,741.08","1,738.04","1,743.25","1,736.81","","0.09%"
"01/18/2022","1,739.49","1,743.64","1,744.99","1,737.29","","-0.16%"
"01/17/2022","1,742.23","1,741.37","1,743.05","1,739.93","","-0.03%"
"01/14/2022","1,742.71","1,741.92","1,744.52","1,740.28","","0.06%"
"01/13/2022","1,741.65","1,743.73","1,744.22","1,740.70","","0.05%"
"01/12/2022","1,740.74","1,739.08","1,743.50","1,738.44","","0.20%"
"01/11/2022","1,737.28","1,734.58","1,738.67","1,733.88","","0.22%"
"01/10/2022","1,733.40","1,733.75","1,735.33","1,731.86","","0.08%"
"01/07/2022","1,731.97","1,728.71","1,733.27","1,728.47","","0.14%"
"01/06/2022","1,729.60","1,730.96","1,731.52","1,726.63","","-0.23%"
"01/05/2022","1,733.55","1,731.81","1,734.65","1,730.00","","0.07%"
"01/04/2022","1,732.34","1,734.26","1,734.74","1,729.34","","-0.07%"
"01/03/2022","1,733.58","1,734.88","1,736.67","1,733.58","","-0.05%"
"12/31/2021","1,734.37","1,733.52","1,737.98","1,732.37","","0.05%"
"12/30/2021","1,733.51","1,733.88","1,734.93","1,730.75","","0.04%"
"12/29/2021","1,732.75","1,734.22","1,734.75","1,732.75","","-0.06%"
"12/28/2021","1,733.81","1,734.10","1,735.04","1,733.47","","0.02%"
"12/27/2021","1,733.53","1,733.48","1,734.12","1,732.80","","0.03%"
"12/24/2021","1,732.93","1,733.25","1,733.47","1,731.53","","0.15%"
"12/23/2021","1,730.42","1,729.71","1,732.64","1,728.92","","0.24%"
"12/22/2021","1,726.21","1,725.98","1,729.00","1,724.51","","0.06%"
"12/21/2021","1,725.09","1,724.25","1,725.85","1,723.47","","0.15%"
"12/20/2021","1,722.59","1,723.26","1,723.90","1,721.29","","-0.19%"
"12/17/2021","1,725.87","1,724.84","1,725.87","1,722.91","","0.05%"
"12/16/2021","1,725.02","1,724.35","1,725.65","1,723.14","","0.14%"
"12/15/2021","1,722.53","1,723.92","1,724.31","1,719.95","","-0.18%"
"12/14/2021","1,725.57","1,725.98","1,726.36","1,722.95","","-0.08%"
"12/13/2021","1,726.97","1,729.01","1,730.06","1,725.18","","-0.04%"
"12/10/2021","1,727.71","1,728.41","1,729.78","1,727.30","","-0.24%"
"12/09/2021","1,731.90","1,734.67","1,735.24","1,727.59","","-0.04%"
"12/08/2021","1,732.55","1,729.29","1,734.25","1,728.63","","0.30%"
"12/07/2021","1,727.45","1,725.61","1,728.60","1,724.62","","0.11%"
"12/06/2021","1,725.49","1,726.45","1,727.03","1,724.37","","-0.03%"
"12/03/2021","1,726.05","1,728.01","1,728.89","1,724.17","","-0.14%"
"12/02/2021","1,728.47","1,727.65","1,728.64","1,726.16","","-0.02%"
"12/01/2021","1,728.73","1,728.70","1,731.24","1,726.54","","0.30%"
"11/30/2021","1,723.61","1,721.74","1,729.07","1,721.74","","0.18%"
"11/29/2021","1,720.59","1,718.56","1,721.84","1,718.53","","0.06%"
"11/26/2021","1,719.56","1,724.06","1,724.07","1,717.16","","-0.31%"
"11/25/2021","1,724.83","1,723.69","1,725.05","1,723.22","","-0.01%"
"11/24/2021","1,725.02","1,725.72","1,726.95","1,722.73","","0.05%"
"11/23/2021","1,724.16","1,725.97","1,727.14","1,722.46","","-0.25%"
"11/22/2021","1,728.47","1,728.24","1,729.66","1,725.36","","-0.11%"
"11/19/2021","1,730.33","1,731.35","1,732.29","1,726.94","","-0.11%"
"11/18/2021","1,732.15","1,734.11","1,735.23","1,728.81","","-0.08%"
"11/17/2021","1,733.48","1,731.10","1,735.09","1,729.31","","0.14%"
"11/16/2021","1,731.10","1,731.10","1,731.11","1,731.10","","-0.29%"
"11/15/2021","1,736.18","1,735.68","1,737.42","1,734.59","","0.09%"
"11/12/2021","1,734.57","1,734.03","1,737.23","1,733.04","","-0.04%"
"11/11/2021","1,735.18","1,733.69","1,737.30","1,731.10","","-0.03%"
"11/10/2021","1,735.78","1,738.74","1,739.89","1,733.37","","-0.19%"
"11/09/2021","1,739.16","1,735.16","1,740.25","1,733.30","","0.23%"
"11/08/2021","1,735.15","1,735.16","1,735.17","1,735.15","","0.19%"
"11/05/2021","1,731.91","1,729.62","1,734.12","1,728.23","","0.05%"
"11/04/2021","1,731.09","1,731.77","1,732.40","1,728.70","","0.12%"
"11/03/2021","1,729.05","1,728.32","1,731.35","1,725.57","","-0.04%"
"11/02/2021","1,729.66","1,728.54","1,729.86","1,728.13","","0.05%"
"11/01/2021","1,728.72","1,730.42","1,730.65","1,727.92","","-0.22%"
"10/29/2021","1,732.50","1,735.37","1,735.49","1,728.73","","-0.06%"
"10/28/2021","1,733.60","1,734.08","1,735.84","1,732.21","","-0.03%"
"10/27/2021","1,734.06","1,738.76","1,738.88","1,733.03","","-0.21%"
"10/26/2021","1,737.70","1,736.92","1,740.40","1,736.31","","0.07%"
"10/25/2021","1,736.52","1,732.96","1,737.33","1,732.63","","0.27%"
"10/22/2021","1,731.77","1,731.19","1,734.76","1,730.08","","-0.01%"
"10/21/2021","1,731.94","1,734.89","1,735.46","1,730.31","","-0.17%"
"10/20/2021","1,734.90","1,734.92","1,735.75","1,732.12","","0.18%"
"10/19/2021","1,731.77","1,725.93","1,735.45","1,725.74","","0.42%"
"10/18/2021","1,724.45","1,728.14","1,728.20","1,723.73","","-0.19%"
"10/15/2021","1,727.68","1,725.33","1,728.62","1,724.28","","0.26%"
"10/14/2021","1,723.13","1,723.45","1,724.79","1,721.42","","0.27%"
"10/13/2021","1,718.45","1,716.05","1,723.07","1,716.02","","0.19%"
"10/12/2021","1,715.24","1,716.32","1,717.13","1,713.85","","-0.21%"
"10/11/2021","1,718.92","1,718.54","1,720.69","1,716.11","","-0.01%"
"10/08/2021","1,719.12","1,720.56","1,721.19","1,717.38","","-0.07%"
"10/07/2021","1,720.36","1,720.38","1,722.76","1,719.86","","0.15%"
"10/06/2021","1,717.73","1,723.12","1,723.13","1,716.28","","-0.21%"
"10/05/2021","1,721.27","1,723.20","1,723.69","1,721.27","","-0.07%"
"10/04/2021","1,722.44","1,728.23","1,728.37","1,722.44","","-0.08%"
"10/01/2021","1,723.78","1,723.52","1,728.30","1,721.53","","0.09%"
"09/30/2021","1,722.26","1,720.08","1,725.66","1,719.76","","-0.01%"
"09/29/2021","1,722.51","1,722.90","1,724.11","1,718.85","","-0.10%"
"09/28/2021","1,724.22","1,728.81","1,728.81","1,721.68","","-0.28%"
"09/27/2021","1,729.11","1,728.16","1,730.91","1,726.92","","0.02%"
"09/24/2021","1,728.80","1,731.35","1,731.93","1,726.03","","-0.18%"
"09/23/2021","1,731.87","1,728.70","1,734.22","1,726.41","","0.11%"
"09/22/2021","1,729.90","1,727.88","1,731.01","1,726.68","","-0.03%"
"09/21/2021","1,730.35","1,726.28","1,730.35","1,725.53","","0.03%"
"09/20/2021","1,729.76","1,728.64","1,729.76","1,724.02","","-0.13%"
"09/17/2021","1,731.99","1,733.20","1,735.31","1,727.95","","-0.20%"
"09/16/2021","1,735.49","1,740.72","1,740.82","1,732.71","","-0.17%"
"09/15/2021","1,738.36","1,737.37","1,740.40","1,735.64","","0.07%"
"09/14/2021","1,737.17","1,737.73","1,740.02","1,736.41","","0.05%"
"09/13/2021","1,736.24","1,737.84","1,737.84","1,733.89","","-0.15%"
"09/10/2021","1,738.80","1,737.18","1,741.84","1,735.51","","0.17%"
"09/09/2021","1,735.80","1,733.24","1,737.02","1,732.18","","0.10%"
"09/08/2021","1,734.03","1,738.41","1,738.42","1,732.78","","-0.32%"
"09/07/2021","1,739.62","1,742.57","1,742.64","1,736.46","","-0.16%"
"09/06/2021","1,742.41","1,742.07","1,742.65","1,740.78","","0.05%"
"09/03/2021","1,741.61","1,739.78","1,744.86","1,738.79","","0.14%"
"09/02/2021","1,739.26","1,739.42","1,740.90","1,737.42","","-0.01%"
"09/01/2021","1,739.42","1,738.58","1,740.20","1,736.99","","0.03%"
"08/31/2021","1,738.96","1,732.41","1,740.51","1,731.96","","0.36%"
"08/30/2021","1,732.78","1,730.38","1,733.33","1,729.78","","0.35%"
"08/27/2021","1,726.81","1,722.23","1,730.31","1,720.99","","0.28%"
"08/26/2021","1,721.95","1,725.77","1,725.85","1,721.75","","-0.10%"
"08/25/2021","1,723.69","1,724.54","1,725.27","1,722.43","","0.02%"
"08/24/2021","1,723.27","1,718.77","1,724.45","1,717.80","","0.40%"
"08/23/2021","1,716.36","1,713.02","1,718.94","1,712.91","","0.31%"
"08/20/2021","1,711.14","1,712.83","1,714.53","1,708.54","","-0.17%"
"08/19/2021","1,714.10","1,718.99","1,719.00","1,711.72","","-0.45%"
"08/18/2021","1,721.85","1,718.61","1,722.78","1,718.19","","0.07%"
"08/17/2021","1,720.57","1,724.78","1,724.90","1,718.12","","-0.23%"
"08/16/2021","1,724.53","1,725.83","1,725.96","1,723.26","","0.06%"
"08/13/2021","1,723.57","1,724.31","1,726.20","1,721.94","","-0.09%"
"08/12/2021","1,725.18","1,727.78","1,727.86","1,723.33","","0.00%"
"08/11/2021","1,725.13","1,724.97","1,728.20","1,723.16","","-0.03%"
"08/10/2021","1,725.65","1,725.80","1,726.64","1,723.15","","-0.05%"
"08/09/2021","1,726.52","1,727.60","1,729.17","1,724.44","","-0.18%"
"08/06/2021","1,729.72","1,732.69","1,732.93","1,726.16","","-0.30%"
"08/05/2021","1,734.86","1,733.71","1,735.88","1,731.99","","0.12%"
"08/04/2021","1,732.80","1,731.41","1,736.80","1,730.80","","0.17%"
"08/03/2021","1,729.84","1,730.26","1,732.48","1,728.33","","-0.12%"
"08/02/2021","1,731.96","1,728.49","1,732.15","1,726.81","","0.12%"
"07/30/2021","1,729.86","1,733.83","1,733.91","1,727.64","","-0.14%"
"07/29/2021","1,732.32","1,726.17","1,734.56","1,725.57","","0.61%"
"07/28/2021","1,721.82","1,720.07","1,725.80","1,719.52","","0.00%"
"07/27/2021","1,721.84","1,723.64","1,725.22","1,718.36","","-0.04%"
"07/26/2021","1,722.54","1,723.01","1,723.80","1,719.79","","-0.10%"
"07/23/2021","1,724.35","1,724.73","1,725.68","1,721.81","","-0.06%"
"07/22/2021","1,725.40","1,725.79","1,727.03","1,723.51","","0.21%"
"07/21/2021","1,721.73","1,722.66","1,725.68","1,720.55","","0.02%"
"07/20/2021","1,721.44","1,719.42","1,723.09","1,718.66","","-0.06%"
"07/19/2021","1,722.40","1,727.85","1,727.85","1,718.48","","-0.45%"
"07/16/2021","1,730.11","1,729.67","1,730.11","1,726.89","","-0.01%"
"07/15/2021","1,730.25","1,729.06","1,731.92","1,727.72","","0.18%"
"07/14/2021","1,727.22","1,723.63","1,729.52","1,722.78","","0.02%"
"07/13/2021","1,726.96","1,727.13","1,728.37","1,722.73","","0.09%"
"07/12/2021","1,725.43","1,725.64","1,726.22","1,722.17","","0.15%"
"07/09/2021","1,722.84","1,721.85","1,725.28","1,720.58","","0.03%"
"07/08/2021","1,722.29","1,726.30","1,726.73","1,719.22","","-0.26%"
"07/07/2021","1,726.74","1,727.36","1,729.61","1,723.55","","-0.25%"
"07/06/2021","1,730.99","1,734.14","1,736.39","1,725.98","","-0.25%"
"07/05/2021","1,735.32","1,733.81","1,736.42","1,733.28","","0.28%"
"07/02/2021","1,730.50","1,732.63","1,734.40","1,727.80","","-0.21%"
"07/01/2021","1,734.08","1,737.82","1,738.01","1,731.22","","-0.21%"
"06/30/2021","1,737.75","1,737.20","1,740.10","1,735.88","","-0.07%"
"06/29/2021","1,738.91","1,740.42","1,740.59","1,735.54","","-0.07%"
"06/28/2021","1,740.16","1,740.54","1,741.01","1,737.56","","-0.06%"
"06/25/2021","1,741.22","1,737.90","1,743.17","1,736.72","","0.32%"
"06/24/2021","1,735.64","1,734.29","1,738.22","1,731.79","","0.15%"
"06/23/2021","1,733.06","1,733.59","1,736.07","1,730.73","","0.06%"
"06/22/2021","1,732.07","1,734.36","1,735.60","1,729.29","","-0.05%"
"06/21/2021","1,732.91","1,734.43","1,734.91","1,729.43","","-0.29%"
"06/18/2021","1,737.91","1,739.11","1,741.80","1,734.34","","-0.22%"
"06/17/2021","1,741.69","1,745.19","1,747.30","1,736.79","","-0.68%"
"06/16/2021","1,753.55","1,752.61","1,754.63","1,744.67","","0.10%"
"06/15/2021","1,751.77","1,752.92","1,754.70","1,749.58","","-0.16%"
"06/14/2021","1,754.56","1,752.66","1,754.56","1,750.59","","-0.06%"
"06/11/2021","1,755.59","1,756.35","1,758.95","1,751.14","","0.01%"
"06/10/2021","1,755.39","1,753.62","1,756.81","1,753.62","","0.03%"
"06/09/2021","1,754.86","1,755.13","1,757.72","1,753.67","","-0.03%"
"06/08/2021","1,755.39","1,756.40","1,757.06","1,753.47","","0.00%"
"06/07/2021","1,755.32","1,757.09","1,757.52","1,754.23","","0.18%"
"06/04/2021","1,752.24","1,751.31","1,756.38","1,748.91","","-0.06%"
"06/03/2021","1,753.33","1,755.00","1,757.22","1,750.21","","0.01%"
"06/02/2021","1,753.14","1,754.31","1,756.32","1,749.18","","-0.10%"
"06/01/2021","1,754.97","1,755.62","1,757.04","1,752.06","","0.01%"
"05/31/2021","1,754.75","1,752.69","1,757.19","1,751.82","","0.15%"
"05/28/2021","1,752.17","1,747.91","1,752.92","1,747.54","","0.17%"
"05/27/2021","1,749.15","1,746.09","1,749.54","1,744.42","","0.19%"
"05/26/2021","1,745.77","1,741.58","1,746.74","1,741.19","","0.20%"
"05/25/2021","1,742.26","1,738.72","1,743.16","1,738.42","","0.27%"
"05/24/2021","1,737.64","1,735.45","1,739.56","1,734.92","","0.03%"
"05/21/2021","1,737.05","1,736.05","1,739.07","1,735.03","","0.15%"
"05/20/2021","1,734.50","1,733.95","1,736.52","1,731.92","","0.00%"
"05/19/2021","1,734.58","1,736.89","1,739.50","1,732.57","","-0.15%"
"05/18/2021","1,737.24","1,731.50","1,738.67","1,731.03","","0.28%"
"05/17/2021","1,732.40","1,734.15","1,734.35","1,728.45","","-0.09%"
"05/14/2021","1,733.93","1,731.39","1,735.86","1,730.52","","0.17%"
"05/13/2021","1,730.97","1,728.10","1,731.89","1,727.32","","-0.19%"
"05/12/2021","1,734.20","1,737.75","1,737.83","1,727.81","","-0.21%"
"05/11/2021","1,737.77","1,740.83","1,740.99","1,735.79","","-0.21%"
"05/10/2021","1,741.49","1,740.28","1,743.68","1,738.86","","0.39%"
"05/07/2021","1,734.67","1,730.08","1,741.34","1,729.51","","0.42%"
"05/06/2021","1,727.48","1,724.58","1,730.29","1,723.10","","0.16%"
"05/05/2021","1,724.71","1,723.16","1,724.71","1,721.02","","0.09%"
"05/04/2021","1,723.17","1,724.61","1,724.72","1,720.49","","-0.05%"
"05/03/2021","1,724.08","1,724.42","1,725.23","1,721.20","","-0.06%"
"04/30/2021","1,725.10","1,729.16","1,729.91","1,722.92","","-0.23%"
"04/29/2021","1,729.07","1,727.94","1,731.69","1,726.85","","0.27%"
"04/28/2021","1,724.41","1,722.86","1,727.69","1,721.96","","0.04%"
"04/27/2021","1,723.66","1,724.40","1,725.62","1,722.29","","0.05%"
"04/26/2021","1,722.75","1,719.30","1,724.48","1,718.67","","0.31%"
"04/23/2021","1,717.49","1,717.11","1,720.16","1,716.13","","-0.01%"
"04/22/2021","1,717.60","1,715.17","1,718.28","1,714.87","","0.13%"
"04/21/2021","1,715.40","1,714.45","1,715.40","1,712.74","","-0.12%"
"04/20/2021","1,717.43","1,715.36","1,720.21","1,713.28","","0.19%"
"04/19/2021","1,714.17","1,711.42","1,715.44","1,710.12","","0.16%"
"04/16/2021","1,711.49","1,711.00","1,713.07","1,707.71","","0.17%"
"04/15/2021","1,708.63","1,707.30","1,710.95","1,702.62","","0.16%"
"04/14/2021","1,705.98","1,702.25","1,706.71","1,701.60","","0.36%"
"04/13/2021","1,699.81","1,699.92","1,702.20","1,697.21","","-0.02%"
"04/12/2021","1,700.20","1,700.16","1,701.54","1,697.69","","-0.04%"
"04/09/2021","1,700.85","1,704.80","1,705.57","1,700.00","","-0.23%"
"04/08/2021","1,704.73","1,704.57","1,705.17","1,701.67","","-0.05%"
"04/07/2021","1,705.51","1,706.63","1,708.41","1,703.01","","0.05%"
"04/06/2021","1,704.70","1,702.24","1,706.48","1,701.32","","0.24%"
"04/05/2021","1,700.68","1,698.62","1,702.56","1,697.78","","0.11%"
"04/02/2021","1,698.73","1,699.26","1,700.68","1,698.02","","0.01%"
"04/01/2021","1,698.61","1,702.15","1,702.35","1,696.10","","-0.09%"
"03/31/2021","1,700.17","1,694.98","1,702.23","1,694.24","","0.30%"
"03/30/2021","1,695.05","1,696.55","1,697.07","1,692.71","","-0.11%"
"03/29/2021","1,696.95","1,700.01","1,700.18","1,693.98","","-0.21%"
"03/26/2021","1,700.56","1,699.67","1,702.14","1,698.40","","0.03%"
"03/25/2021","1,699.99","1,702.69","1,702.87","1,697.06","","-0.23%"
"03/24/2021","1,703.88","1,705.72","1,706.69","1,701.75","","-0.31%"
"03/23/2021","1,709.20","1,712.42","1,712.64","1,705.34","","-0.05%"
"03/22/2021","1,710.00","1,710.71","1,712.05","1,709.40","","-0.08%"
"03/19/2021","1,711.41","1,710.17","1,712.42","1,707.12","","-0.11%"
"03/18/2021","1,713.21","1,714.72","1,716.07","1,708.77","","0.25%"
"03/17/2021","1,709.01","1,711.23","1,714.56","1,707.82","","-0.18%"
"03/16/2021","1,712.02","1,711.23","1,712.99","1,709.65","","0.16%"
"03/15/2021","1,709.25","1,709.72","1,712.28","1,707.56","","-0.03%"
"03/12/2021","1,709.83","1,714.62","1,716.16","1,706.86","","-0.04%"
"03/11/2021","1,710.55","1,706.30","1,714.19","1,704.66","","0.52%"
"03/10/2021","1,701.67","1,702.26","1,706.20","1,697.90","","0.19%"
"03/09/2021","1,698.40","1,696.34","1,703.11","1,693.02","","-0.13%"
"03/08/2021","1,700.67","1,706.69","1,708.46","1,694.36","","-0.57%"
"03/05/2021","1,710.39","1,710.86","1,713.00","1,705.67","","-0.41%"
"03/04/2021","1,717.40","1,716.46","1,718.08","1,711.52","","-0.02%"
"03/03/2021","1,717.78","1,715.88","1,720.51","1,714.19","","0.18%"
"03/02/2021","1,714.72","1,717.41","1,717.81","1,712.85","","-0.17%"
"03/01/2021","1,717.61","1,713.44","1,719.00","1,713.13","","0.10%"
"02/26/2021","1,715.92","1,719.93","1,720.15","1,711.45","","-0.59%"
"02/25/2021","1,726.16","1,729.85","1,730.89","1,718.79","","-0.09%"
"02/24/2021","1,727.69","1,726.53","1,731.31","1,726.10","","0.05%"
"02/23/2021","1,726.86","1,724.83","1,726.86","1,722.72","","0.22%"
"02/22/2021","1,723.10","1,727.83","1,728.51","1,720.78","","-0.25%"
"02/19/2021","1,727.40","1,724.64","1,729.44","1,723.65","","0.18%"
"02/18/2021","1,724.32","1,726.82","1,728.73","1,722.01","","-0.19%"
"02/17/2021","1,727.68","1,727.45","1,727.68","1,724.51","","-0.21%"
"02/16/2021","1,731.39","1,730.38","1,732.12","1,726.28","","-0.07%"
"02/15/2021","1,732.65","1,728.60","1,732.65","1,728.42","","0.18%"
"02/12/2021","1,729.57","1,728.14","1,729.57","1,725.64","","0.02%"
"02/11/2021","1,729.14","1,725.67","1,729.14","1,725.30","","0.07%"
"02/10/2021","1,727.99","1,727.03","1,729.67","1,725.27","","0.25%"
"02/09/2021","1,723.60","1,723.52","1,727.10","1,722.47","","0.09%"
"02/08/2021","1,722.11","1,720.30","1,723.51","1,719.26","","0.24%"
"02/05/2021","1,718.03","1,716.86","1,720.96","1,713.21","","0.05%"
"02/04/2021","1,717.18","1,720.88","1,721.21","1,715.17","","-0.19%"
"02/03/2021","1,720.45","1,721.00","1,721.89","1,718.71","","0.06%"
"02/02/2021","1,719.50","1,716.22","1,720.89","1,715.38","","0.20%"
"02/01/2021","1,716.00","1,718.98","1,719.91","1,714.50","","-0.07%"
"01/29/2021","1,717.21","1,717.91","1,721.79","1,713.52","","0.21%"
"01/28/2021","1,713.62","1,715.59","1,719.31","1,710.41","","-0.28%"
"01/27/2021","1,718.37","1,721.95","1,722.09","1,713.79","","-0.06%"
"01/26/2021","1,719.35","1,717.55","1,721.73","1,714.10","","0.13%"
"01/25/2021","1,717.14","1,716.71","1,719.38","1,715.57","","-0.05%"
"01/22/2021","1,717.92","1,724.92","1,724.96","1,716.09","","-0.39%"
"01/21/2021","1,724.66","1,726.34","1,727.49","1,722.20","","0.01%"
"01/20/2021","1,724.42","1,721.24","1,725.47","1,720.56","","0.25%"
"01/19/2021","1,720.17","1,718.69","1,722.54","1,717.90","","0.06%"
"01/18/2021","1,719.06","1,719.65","1,720.05","1,715.05","","-0.15%"
"01/15/2021","1,721.67","1,724.92","1,725.76","1,718.51","","-0.16%"
"01/14/2021","1,724.46","1,721.25","1,725.36","1,719.76","","0.07%"
"01/13/2021","1,723.28","1,722.83","1,724.49","1,720.06","","0.29%"
"01/12/2021","1,718.34","1,714.07","1,722.70","1,713.32","","0.19%"
"01/11/2021","1,715.06","1,719.16","1,719.30","1,711.74","","-0.37%"
"01/08/2021","1,721.38","1,717.53","1,723.38","1,716.15","","-0.07%"
"01/07/2021","1,722.54","1,725.89","1,727.60","1,716.92","","-0.21%"
"01/06/2021","1,726.14","1,727.05","1,729.73","1,724.25","","0.03%"
"01/05/2021","1,725.55","1,725.98","1,732.15","1,722.84","","-0.22%"
"01/04/2021","1,729.39","1,721.56","1,731.69","1,720.99","","0.56%"
"01/01/2021","1,719.84","1,721.04","1,721.39","1,719.84","","0.01%"
"12/31/2020","1,719.74","1,720.15","1,722.25","1,717.75","","-0.02%"
"12/30/2020","1,720.12","1,717.10","1,721.19","1,716.69","","0.13%"
"12/29/2020","1,717.81","1,714.52","1,718.22","1,714.14","","0.23%"
"12/28/2020","1,713.84","1,713.86","1,716.80","1,713.10","","-0.04%"
"12/25/2020","1,714.52","1,714.43","1,716.32","1,713.30","","0.01%"
"12/24/2020","1,714.41","1,710.77","1,714.41","1,710.32","","0.21%"
"12/23/2020","1,710.82","1,709.09","1,712.31","1,707.42","","0.07%"
"12/22/2020","1,709.68","1,711.68","1,712.16","1,708.52","","-0.09%"
"12/21/2020","1,711.14","1,715.14","1,715.43","1,705.15","","-0.31%"
"12/18/2020","1,716.43","1,719.18","1,719.22","1,716.09","","-0.15%"
"12/17/2020","1,719.08","1,716.88","1,719.24","1,716.51","","0.21%"
"12/16/2020","1,715.48","1,716.83","1,718.55","1,714.37","","0.09%"
"12/15/2020","1,714.02","1,712.55","1,716.53","1,710.87","","-0.01%"
"12/14/2020","1,714.23","1,713.59","1,716.52","1,711.73","","-0.01%"
"12/11/2020","1,714.34","1,715.28","1,716.70","1,712.32","","-0.01%"
"12/10/2020","1,714.47","1,712.22","1,715.35","1,710.45","","-0.03%"
"12/09/2020","1,715.02","1,714.67","1,718.10","1,710.50","","-0.08%"
"12/08/2020","1,716.33","1,714.01","1,716.33","1,712.62","","0.11%"
"12/07/2020","1,714.50","1,713.04","1,715.66","1,709.11","","0.09%"
"12/04/2020","1,713.01","1,707.71","1,713.76","1,707.41","","0.42%"
"12/03/2020","1,705.83","1,701.14","1,709.67","1,701.00","","0.35%"
"12/02/2020","1,699.93","1,699.19","1,702.61","1,697.92","","0.10%"
"12/01/2020","1,698.29","1,692.33","1,698.82","1,692.02","","0.37%"
"11/30/2020","1,692.09","1,695.06","1,696.37","1,691.39","","-0.15%"
"11/27/2020","1,694.57","1,695.15","1,696.33","1,692.71","","-0.10%"
"11/26/2020","1,696.25","1,695.43","1,697.69","1,694.46","","0.17%"
"11/25/2020","1,693.35","1,692.04","1,696.03","1,691.35","","0.10%"
"11/24/2020","1,691.63","1,688.06","1,691.78","1,687.97","","0.05%"
"11/23/2020","1,690.82","1,691.67","1,693.82","1,687.12","","-0.04%"
"11/20/2020","1,691.58","1,690.60","1,692.97","1,689.92","","0.13%"
"11/19/2020","1,689.38","1,693.18","1,693.30","1,685.94","","-0.46%"
"11/18/2020","1,697.11","1,694.00","1,697.87","1,692.92","","0.24%"
"11/17/2020","1,693.07","1,689.40","1,694.15","1,689.36","","0.23%"
"11/16/2020","1,689.17","1,684.20","1,689.79","1,684.08","","0.55%"
"11/13/2020","1,679.97","1,680.86","1,684.31","1,678.43","","-0.04%"
"11/12/2020","1,680.67","1,681.09","1,683.20","1,678.53","","-0.09%"
"11/11/2020","1,682.19","1,681.38","1,686.06","1,679.11","","-0.12%"
"11/10/2020","1,684.27","1,681.21","1,685.65","1,678.91","","-0.28%"
"11/09/2020","1,689.06","1,681.12","1,691.40","1,680.56","","0.65%"
"11/06/2020","1,678.09","1,677.68","1,680.86","1,673.74","","0.35%"
"11/05/2020","1,672.25","1,666.56","1,677.91","1,664.07","","0.90%"
"11/04/2020","1,657.36","1,659.46","1,667.56","1,645.31","","-0.10%"
"11/03/2020","1,659.06","1,655.91","1,660.65","1,655.02","","0.27%"
"11/02/2020","1,654.56","1,655.31","1,656.90","1,653.85","","-0.04%"
"10/30/2020","1,655.16","1,655.01","1,658.30","1,652.98","","0.09%"
"10/29/2020","1,653.62","1,651.88","1,656.29","1,651.24","","-0.10%"
"10/28/2020","1,655.26","1,658.91","1,659.58","1,651.00","","-0.32%"
"10/27/2020","1,660.50","1,658.91","1,663.23","1,658.58","","-0.07%"
"10/26/2020","1,661.59","1,662.76","1,663.29","1,656.88","","-0.12%"
"10/23/2020","1,663.55","1,661.34","1,666.17","1,660.15","","-0.03%"
"10/22/2020","1,664.03","1,664.24","1,664.79","1,659.32","","-0.04%"
"10/21/2020","1,664.75","1,659.80","1,666.09","1,659.73","","0.32%"
"10/20/2020","1,659.36","1,657.99","1,661.06","1,656.58","","0.12%"
"10/19/2020","1,657.45","1,654.80","1,659.06","1,654.18","","0.20%"
"10/16/2020","1,654.14","1,651.01","1,655.78","1,650.25","","0.22%"
"10/15/2020","1,650.55","1,653.12","1,653.83","1,648.01","","-0.10%"
"10/14/2020","1,652.21","1,649.21","1,654.52","1,649.15","","0.05%"
"10/13/2020","1,651.34","1,652.03","1,653.70","1,648.09","","-0.12%"
"10/12/2020","1,653.40","1,658.39","1,658.41","1,649.95","","-0.12%"
"10/09/2020","1,655.33","1,645.50","1,659.88","1,645.24","","0.77%"
"10/08/2020","1,642.73","1,643.11","1,645.47","1,642.13","","0.13%"
"10/07/2020","1,640.55","1,639.47","1,644.15","1,639.11","","-0.10%"
"10/06/2020","1,642.20","1,643.63","1,644.39","1,639.30","","0.16%"
"10/05/2020","1,639.50","1,637.86","1,644.00","1,637.86","","0.23%"
"10/02/2020","1,635.74","1,639.32","1,639.32","1,635.74","","0.00%"
"10/01/2020","1,635.79","1,636.86","1,641.26","1,635.79","","0.15%"
"09/30/2020","1,633.26","1,630.45","1,636.82","1,628.64","","0.28%"
"09/29/2020","1,628.65","1,628.35","1,630.93","1,626.00","","0.10%"
"09/28/2020","1,627.06","1,627.07","1,631.12","1,626.43","","-0.06%"
"09/25/2020","1,627.98","1,629.23","1,632.55","1,624.11","","0.07%"
"09/24/2020","1,626.79","1,629.97","1,631.02","1,623.56","","-0.48%"
"09/23/2020","1,634.60","1,640.28","1,640.72","1,629.46","","-0.36%"
"09/22/2020","1,640.46","1,639.70","1,644.38","1,637.86","","-0.10%"
"09/21/2020","1,642.16","1,646.45","1,650.87","1,636.89","","-0.46%"
"09/18/2020","1,649.70","1,648.03","1,652.92","1,645.61","","0.22%"
"09/17/2020","1,646.00","1,647.52","1,647.96","1,643.23","","-0.04%"
"09/16/2020","1,646.72","1,641.44","1,648.89","1,641.00","","0.27%"
"09/15/2020","1,642.27","1,637.54","1,644.39","1,637.24","","0.41%"
"09/14/2020","1,635.52","1,632.28","1,637.67","1,632.28","","0.18%"
"09/11/2020","1,632.57","1,630.96","1,633.41","1,630.45","","0.02%"
"09/10/2020","1,632.25","1,632.84","1,634.71","1,630.52","","0.10%"
"09/09/2020","1,630.63","1,626.22","1,633.30","1,624.93","","0.11%"
"09/08/2020","1,628.85","1,631.45","1,632.51","1,624.83","","-0.16%"
"09/07/2020","1,631.44","1,631.03","1,633.05","1,630.17","","0.03%"
"09/04/2020","1,630.87","1,629.11","1,632.07","1,628.73","","0.02%"
"09/03/2020","1,630.60","1,629.98","1,631.53","1,627.63","","-0.03%"
"09/02/2020","1,631.06","1,633.52","1,633.57","1,628.03","","-0.25%"
"09/01/2020","1,635.14","1,627.18","1,635.14","1,626.98","","0.56%"
"08/31/2020","1,626.04","1,629.85","1,631.67","1,626.04","","-0.04%"
"08/28/2020","1,626.66","1,618.44","1,629.22","1,617.64","","0.46%"
"08/27/2020","1,619.25","1,618.81","1,621.88","1,616.57","","0.09%"
"08/26/2020","1,617.73","1,616.76","1,619.45","1,616.54","","0.12%"
"08/25/2020","1,615.77","1,614.00","1,616.74","1,613.94","","0.07%"
"08/24/2020","1,614.68","1,610.97","1,616.34","1,610.52","","0.14%"
"08/21/2020","1,612.37","1,613.77","1,615.19","1,609.12","","0.11%"
"08/20/2020","1,610.52","1,613.49","1,613.80","1,609.03","","-0.41%"
"08/19/2020","1,617.09","1,615.52","1,618.28","1,614.01","","0.18%"
"08/18/2020","1,614.19","1,611.86","1,617.14","1,610.98","","0.16%"
"08/17/2020","1,611.57","1,612.01","1,613.91","1,611.25","","-0.06%"
"08/14/2020","1,612.57","1,613.36","1,613.85","1,610.72","","-0.04%"
"08/13/2020","1,613.15","1,612.66","1,613.57","1,610.79","","0.14%"
"08/12/2020","1,610.92","1,612.54","1,613.03","1,609.71","","-0.01%"
"08/11/2020","1,611.12","1,607.58","1,613.07","1,606.65","","0.19%"
"08/10/2020","1,608.01","1,606.47","1,609.88","1,606.11","","-0.04%"
"08/07/2020","1,608.65","1,612.38","1,613.04","1,605.54","","-0.24%"
"08/06/2020","1,612.60","1,615.42","1,616.78","1,610.60","","-0.09%"
"08/05/2020","1,613.99","1,609.06","1,616.70","1,609.05","","0.45%"
"08/04/2020","1,606.75","1,608.34","1,608.95","1,604.35","","-0.07%"
"08/03/2020","1,607.87","1,611.08","1,611.83","1,605.99","","-0.26%"
"07/31/2020","1,612.07","1,612.04","1,615.42","1,609.95","","0.14%"
"07/30/2020","1,609.84","1,613.39","1,614.46","1,608.32","","-0.23%"
"07/29/2020","1,613.49","1,611.61","1,614.97","1,611.44","","0.13%"
"07/28/2020","1,611.33","1,614.42","1,616.63","1,610.52","","-0.12%"
"07/27/2020","1,613.28","1,606.83","1,614.08","1,606.83","","0.39%"
"07/24/2020","1,607.05","1,608.16","1,609.18","1,604.69","","-0.26%"
"07/23/2020","1,611.17","1,611.89","1,613.84","1,607.18","","-0.13%"
"07/22/2020","1,613.20","1,614.40","1,616.34","1,609.14","","0.16%"
"07/21/2020","1,610.61","1,607.22","1,614.88","1,606.31","","0.35%"
"07/20/2020","1,605.00","1,604.33","1,606.74","1,602.16","","0.10%"
"07/17/2020","1,603.32","1,604.92","1,605.25","1,602.42","","-0.06%"
"07/16/2020","1,604.33","1,606.24","1,606.24","1,602.86","","-0.19%"
"07/15/2020","1,607.31","1,603.11","1,608.03","1,603.08","","0.49%"
"07/14/2020","1,599.41","1,603.09","1,603.09","1,598.22","","-0.36%"
"07/13/2020","1,605.17","1,604.32","1,606.51","1,603.02","","0.11%"
"07/10/2020","1,603.48","1,605.36","1,605.36","1,600.69","","-0.21%"
"07/09/2020","1,606.81","1,605.39","1,609.20","1,604.29","","0.30%"
"07/08/2020","1,601.95","1,601.29","1,604.73","1,599.60","","0.00%"
"07/07/2020","1,601.90","1,603.55","1,605.58","1,599.31","","-0.08%"
"07/06/2020","1,603.18","1,597.77","1,605.23","1,597.71","","0.37%"
"07/03/2020","1,597.23","1,597.70","1,598.42","1,595.81","","-0.01%"
"07/02/2020","1,597.45","1,595.85","1,600.23","1,595.28","","0.15%"
"07/01/2020","1,595.11","1,592.52","1,595.96","1,590.32","","0.32%"
"06/30/2020","1,590.07","1,593.10","1,595.33","1,590.07","","-0.13%"
"06/29/2020","1,592.13","1,590.10","1,593.78","1,589.82","","0.06%"
"06/26/2020","1,591.11","1,594.39","1,595.65","1,589.56","","-0.17%"
"06/25/2020","1,593.76","1,592.19","1,595.23","1,591.33","","-0.16%"
"06/24/2020","1,596.29","1,598.86","1,600.82","1,592.54","","-0.11%"
"06/23/2020","1,598.06","1,594.90","1,599.65","1,590.59","","0.34%"
"06/22/2020","1,592.57","1,590.53","1,595.58","1,589.71","","0.11%"
"06/19/2020","1,590.84","1,587.73","1,592.90","1,587.02","","0.03%"
"06/18/2020","1,590.33","1,591.09","1,594.75","1,586.68","","-0.09%"
"06/17/2020","1,591.75","1,591.78","1,593.19","1,589.13","","-0.12%"
"06/16/2020","1,593.59","1,594.99","1,598.78","1,590.99","","0.26%"
"06/15/2020","1,589.41","1,596.39","1,596.39","1,589.41","","-0.49%"
"06/12/2020","1,597.19","1,597.60","1,600.59","1,594.32","","-0.29%"
"06/11/2020","1,601.88","1,607.30","1,609.51","1,597.47","","-0.34%"
"06/10/2020","1,607.38","1,604.81","1,612.23","1,604.32","","0.18%"
"06/09/2020","1,604.43","1,608.65","1,609.00","1,602.73","","0.10%"
"06/08/2020","1,602.86","1,603.10","1,608.32","1,600.83","","0.15%"
"06/05/2020","1,600.51","1,591.99","1,602.84","1,591.35","","0.58%"
"06/04/2020","1,591.33","1,593.53","1,593.65","1,589.00","","-0.18%"
"06/03/2020","1,594.23","1,590.14","1,594.47","1,589.19","","0.41%"
"06/02/2020","1,587.70","1,580.93","1,590.98","1,580.54","","0.49%"
"06/01/2020","1,580.01","1,576.35","1,582.03","1,576.31","","0.53%"
"05/29/2020","1,571.73","1,572.32","1,576.13","1,570.61","","0.00%"
"05/28/2020","1,571.67","1,571.18","1,575.16","1,570.05","","-0.01%"
"05/27/2020","1,571.83","1,575.39","1,575.63","1,568.93","","-0.19%"
"05/26/2020","1,574.88","1,568.26","1,576.03","1,568.22","","0.48%"
"05/25/2020","1,567.42","1,567.56","1,568.46","1,565.34","","0.06%"
"05/22/2020","1,566.54","1,571.80","1,571.85","1,563.72","","-0.38%"
"05/21/2020","1,572.51","1,571.11","1,573.35","1,568.16","","0.22%"
"05/20/2020","1,569.11","1,565.68","1,571.53","1,563.50","","0.17%"
"05/19/2020","1,566.40","1,564.72","1,567.61","1,564.16","","0.27%"
"05/18/2020","1,562.23","1,559.52","1,564.88","1,557.65","","0.06%"
"05/15/2020","1,561.34","1,563.26","1,563.36","1,557.97","","0.05%"
"05/14/2020","1,560.60","1,561.61","1,563.41","1,556.45","","-0.11%"
"05/13/2020","1,562.27","1,563.21","1,565.83","1,560.37","","-0.22%"
"05/12/2020","1,565.79","1,562.20","1,568.04","1,560.91","","0.03%"
"05/11/2020","1,565.28","1,567.64","1,569.18","1,561.98","","-0.13%"
"05/08/2020","1,567.34","1,562.77","1,568.54","1,562.57","","0.48%"
"05/07/2020","1,559.86","1,557.36","1,563.43","1,557.36","","-0.10%"
"05/06/2020","1,561.48","1,567.80","1,567.98","1,557.74","","-0.45%"
"05/05/2020","1,568.59","1,567.39","1,570.42","1,567.09","","0.24%"
"05/04/2020","1,564.90","1,564.38","1,566.92","1,563.32","","-0.27%"
"05/01/2020","1,569.13","1,571.55","1,571.58","1,564.67","","-0.37%"
"04/30/2020","1,574.95","1,573.88","1,580.01","1,571.91","","0.31%"
"04/29/2020","1,570.05","1,564.08","1,573.64","1,564.08","","0.59%"
"04/28/2020","1,560.82","1,559.47","1,564.75","1,557.62","","0.12%"
"04/27/2020","1,558.92","1,557.17","1,560.84","1,556.70","","0.22%"
"04/24/2020","1,555.56","1,559.51","1,559.77","1,554.21","","-0.35%"
"04/23/2020","1,560.99","1,557.75","1,562.35","1,557.03","","0.15%"
"04/22/2020","1,558.68","1,557.52","1,561.26","1,556.63","","0.00%"
"04/21/2020","1,558.67","1,564.22","1,564.22","1,556.29","","-0.45%"
"04/20/2020","1,565.72","1,567.00","1,568.25","1,563.99","","-0.03%"
"04/17/2020","1,566.13","1,564.57","1,567.97","1,564.33","","0.15%"
"04/16/2020","1,563.79","1,565.06","1,566.26","1,561.35","","-0.24%"
"04/15/2020","1,567.62","1,575.09","1,575.83","1,564.25","","-0.32%"
"04/14/2020","1,572.65","1,572.70","1,575.01","1,571.13","","0.02%"
"04/13/2020","1,572.32","1,577.49","1,577.52","1,571.37","","-0.15%"
"04/10/2020","1,574.62","1,574.57","1,578.27","1,573.96","","0.00%"
"04/09/2020","1,574.56","1,569.95","1,578.60","1,567.15","","0.52%"
"04/08/2020","1,566.39","1,569.75","1,569.92","1,563.69","","-0.08%"
"04/07/2020","1,567.66","1,558.62","1,572.77","1,558.50","","0.61%"
"04/06/2020","1,558.15","1,552.17","1,559.53","1,550.46","","0.17%"
"04/03/2020","1,555.46","1,559.03","1,559.39","1,552.14","","-0.16%"
"04/02/2020","1,558.01","1,555.41","1,558.79","1,551.05","","0.01%"
"04/01/2020","1,557.87","1,564.87","1,565.78","1,553.57","","-0.44%"
"03/31/2020","1,564.83","1,561.11","1,567.38","1,560.93","","0.20%"
"03/30/2020","1,561.74","1,566.70","1,567.40","1,559.96","","-0.52%"
"03/27/2020","1,569.88","1,574.47","1,579.56","1,564.89","","-0.03%"
"03/26/2020","1,570.30","1,560.99","1,575.55","1,560.89","","0.56%"
"03/25/2020","1,561.60","1,562.69","1,564.74","1,557.64","","0.21%"
"03/24/2020","1,558.30","1,549.32","1,563.35","1,549.26","","0.71%"
"03/23/2020","1,547.33","1,556.76","1,556.77","1,547.33","","-1.07%"
"03/20/2020","1,564.12","1,556.99","1,568.77","1,555.78","","0.73%"
"03/19/2020","1,552.85","1,565.37","1,567.18","1,547.55","","-1.11%"
"03/18/2020","1,570.28","1,584.03","1,585.12","1,558.39","","-0.71%"
"03/17/2020","1,581.54","1,587.39","1,588.62","1,579.21","","-0.51%"
"03/16/2020","1,589.63","1,597.34","1,599.21","1,584.21","","-0.59%"
"03/13/2020","1,599.08","1,594.89","1,607.99","1,590.24","","0.11%"
"03/12/2020","1,597.38","1,610.15","1,610.16","1,591.44","","-1.12%"
"03/11/2020","1,615.49","1,619.95","1,620.16","1,610.46","","-0.06%"
"03/10/2020","1,616.51","1,611.76","1,619.75","1,611.76","","0.29%"
"03/09/2020","1,611.83","1,623.59","1,625.62","1,611.83","","-0.95%"
"03/06/2020","1,627.24","1,629.87","1,630.76","1,624.95","","-0.25%"
"03/05/2020","1,631.29","1,635.68","1,636.49","1,627.12","","-0.29%"
"03/04/2020","1,636.10","1,634.66","1,640.78","1,633.75","","0.16%"
"03/03/2020","1,633.42","1,634.50","1,638.34","1,628.73","","0.19%"
"03/02/2020","1,630.33","1,624.59","1,635.56","1,623.61","","0.54%"
"02/28/2020","1,621.58","1,626.13","1,626.49","1,621.12","","-0.22%"
"02/27/2020","1,625.09","1,627.70","1,629.29","1,625.09","","-0.27%"
"02/26/2020","1,629.43","1,629.23","1,630.42","1,626.75","","-0.01%"
"02/25/2020","1,629.64","1,627.52","1,631.96","1,627.52","","0.19%"
"02/24/2020","1,626.54","1,632.02","1,632.20","1,624.53","","-0.34%"
"02/21/2020","1,632.01","1,632.75","1,633.63","1,627.26","","-0.23%"
"02/20/2020","1,635.70","1,642.15","1,642.41","1,631.45","","-0.42%"
"02/19/2020","1,642.61","1,642.99","1,644.31","1,640.37","","0.02%"
"02/18/2020","1,642.35","1,647.37","1,647.44","1,641.49","","-0.33%"
"02/17/2020","1,647.85","1,647.79","1,650.30","1,647.22","","-0.04%"
"02/14/2020","1,648.46","1,646.73","1,648.46","1,645.99","","0.03%"
"02/13/2020","1,647.90","1,649.11","1,649.28","1,645.56","","-0.09%"
"02/12/2020","1,649.32","1,649.64","1,651.95","1,648.58","","0.03%"
"02/11/2020","1,648.78","1,644.58","1,650.49","1,644.38","","0.26%"
"02/10/2020","1,644.46","1,642.59","1,645.44","1,641.97","","0.05%"
"02/07/2020","1,643.60","1,649.03","1,649.23","1,639.14","","-0.44%"
"02/06/2020","1,650.87","1,652.25","1,654.83","1,648.31","","0.17%"
"02/05/2020","1,648.06","1,648.95","1,654.25","1,645.33","","-0.06%"
"02/04/2020","1,648.98","1,642.44","1,649.37","1,641.40","","0.44%"
"02/03/2020","1,641.76","1,644.40","1,645.13","1,637.73","","-0.30%"
"01/31/2020","1,646.73","1,649.44","1,650.38","1,643.11","","-0.13%"
"01/30/2020","1,648.85","1,654.77","1,654.91","1,645.67","","-0.48%"
"01/29/2020","1,656.86","1,657.70","1,658.52","1,654.44","","0.00%"
"01/28/2020","1,656.90","1,654.58","1,657.29","1,652.98","","0.01%"
"01/27/2020","1,656.74","1,659.80","1,659.93","1,653.10","","-0.29%"
"01/24/2020","1,661.54","1,661.58","1,662.77","1,659.40","","-0.03%"
"01/23/2020","1,661.99","1,665.74","1,665.92","1,659.56","","-0.22%"
"01/22/2020","1,665.59","1,662.06","1,665.60","1,661.68","","0.13%"
"01/21/2020","1,663.47","1,669.37","1,669.76","1,661.77","","-0.39%"
"01/20/2020","1,670.04","1,669.93","1,673.06","1,668.80","","0.00%"
"01/17/2020","1,669.98","1,668.45","1,671.16","1,667.90","","0.11%"
"01/16/2020","1,668.16","1,668.42","1,670.16","1,667.52","","-0.06%"
"01/15/2020","1,669.14","1,670.24","1,670.69","1,668.08","","-0.08%"
"01/14/2020","1,670.44","1,670.42","1,673.26","1,668.35","","0.06%"
"01/13/2020","1,669.44","1,667.86","1,672.66","1,667.75","","0.08%"
"01/10/2020","1,668.06","1,665.90","1,669.71","1,664.90","","0.08%"
"01/09/2020","1,666.78","1,664.45","1,668.30","1,664.39","","0.31%"
"01/08/2020","1,661.57","1,660.92","1,665.07","1,656.77","","0.04%"
"01/07/2020","1,660.95","1,658.98","1,664.23","1,658.92","","0.15%"
"01/06/2020","1,658.46","1,658.80","1,659.17","1,655.29","","-0.07%"
"01/03/2020","1,659.65","1,664.86","1,665.27","1,657.28","","-0.28%"
"01/02/2020","1,664.39","1,666.50","1,666.64","1,663.59","","-0.06%"
"01/01/2020","1,665.41","1,666.16","1,666.28","1,665.41","","0.01%"
"12/31/2019","1,665.27","1,661.61","1,666.58","1,661.59","","0.16%"
"12/30/2019","1,662.61","1,659.09","1,662.98","1,658.94","","0.25%"
"12/27/2019","1,658.51","1,657.47","1,659.17","1,657.19","","0.09%"
"12/26/2019","1,657.00","1,657.18","1,657.82","1,656.15","","0.11%"
"12/25/2019","1,655.15","1,654.61","1,657.88","1,654.54","","0.01%"
"12/24/2019","1,655.01","1,653.29","1,655.01","1,652.74","","0.05%"
"12/23/2019","1,654.26","1,654.16","1,654.26","1,652.18","","0.02%"
"12/20/2019","1,654.00","1,653.68","1,655.28","1,652.76","","0.03%"
"12/19/2019","1,653.56","1,653.07","1,654.36","1,652.05","","-0.01%"
"12/18/2019","1,653.67","1,653.55","1,653.93","1,651.01","","0.02%"
"12/17/2019","1,653.26","1,653.37","1,654.07","1,652.21","","0.13%"
"12/16/2019","1,651.19","1,649.06","1,653.85","1,648.04","","0.11%"
"12/13/2019","1,649.37","1,652.22","1,653.73","1,647.63","","0.38%"
"12/12/2019","1,643.15","1,639.22","1,651.62","1,638.79","","0.37%"
"12/11/2019","1,637.03","1,636.66","1,639.33","1,634.73","","0.08%"
"12/10/2019","1,635.70","1,636.67","1,637.14","1,635.11","","-0.03%"
"12/09/2019","1,636.24","1,636.82","1,636.92","1,634.97","","0.09%"
"12/06/2019","1,634.84","1,633.80","1,636.74","1,632.28","","0.17%"
"12/05/2019","1,631.99","1,631.07","1,633.53","1,630.10","","0.17%"
"12/04/2019","1,629.18","1,628.76","1,631.67","1,626.21","","-0.04%"
"12/03/2019","1,629.86","1,630.97","1,631.49","1,626.54","","-0.04%"
"12/02/2019","1,630.49","1,630.33","1,631.46","1,627.97","","-0.03%"
"11/29/2019","1,630.98","1,632.17","1,632.88","1,629.55","","0.09%"
"11/28/2019","1,629.50","1,631.14","1,631.69","1,628.82","","-0.07%"
"11/27/2019","1,630.66","1,631.88","1,632.60","1,629.89","","0.06%"
"11/26/2019","1,629.76","1,631.70","1,633.00","1,629.06","","-0.12%"
"11/25/2019","1,631.68","1,630.70","1,633.45","1,630.67","","-0.03%"
"11/22/2019","1,632.21","1,633.09","1,633.31","1,630.25","","0.06%"
"11/21/2019","1,631.28","1,632.30","1,633.55","1,630.17","","-0.07%"
"11/20/2019","1,632.46","1,633.58","1,633.88","1,631.03","","-0.06%"
"11/19/2019","1,633.43","1,632.87","1,635.14","1,631.85","","-0.14%"
"11/18/2019","1,635.78","1,636.98","1,637.08","1,632.43","","0.01%"
"11/15/2019","1,635.63","1,632.37","1,636.86","1,632.27","","0.26%"
"11/14/2019","1,631.41","1,631.15","1,632.41","1,630.16","","-0.01%"
"11/13/2019","1,631.61","1,634.31","1,634.57","1,628.96","","-0.32%"
"11/12/2019","1,636.85","1,637.22","1,639.25","1,633.72","","-0.03%"
"11/11/2019","1,637.27","1,639.94","1,639.99","1,635.74","","-0.28%"
"11/08/2019","1,641.90","1,646.12","1,646.38","1,639.15","","-0.12%"
"11/07/2019","1,643.80","1,642.47","1,647.78","1,640.10","","0.00%"
"11/06/2019","1,643.80","1,646.59","1,647.58","1,641.50","","-0.20%"
"11/05/2019","1,647.06","1,642.64","1,649.02","1,642.53","","0.13%"
"11/04/2019","1,644.93","1,642.07","1,645.31","1,641.72","","0.24%"
"11/01/2019","1,640.92","1,636.15","1,641.69","1,635.58","","0.14%"
"10/31/2019","1,638.63","1,639.03","1,641.69","1,635.44","","0.15%"
"10/30/2019","1,636.10","1,638.50","1,640.14","1,634.06","","-0.23%"
"10/29/2019","1,639.81","1,638.54","1,640.88","1,637.51","","0.05%"
"10/28/2019","1,639.00","1,636.92","1,639.68","1,636.75","","0.22%"
"10/25/2019","1,635.38","1,633.33","1,637.30","1,632.32","","0.05%"
"10/24/2019","1,634.61","1,635.83","1,636.92","1,632.57","","0.11%"
"10/23/2019","1,632.81","1,633.06","1,635.49","1,630.44","","0.02%"
"10/22/2019","1,632.55","1,630.60","1,633.47","1,628.98","","0.18%"
"10/21/2019","1,629.66","1,628.35","1,632.53","1,628.20","","0.19%"
"10/18/2019","1,626.49","1,625.31","1,628.40","1,624.46","","0.14%"
"10/17/2019","1,624.23","1,621.19","1,627.23","1,620.31","","0.33%"
"10/16/2019","1,618.96","1,621.69","1,622.04","1,617.09","","-0.19%"
"10/15/2019","1,622.12","1,624.67","1,625.54","1,620.68","","-0.17%"
"10/14/2019","1,624.89","1,624.42","1,628.65","1,623.36","","0.23%"
"10/11/2019","1,621.10","1,618.81","1,626.62","1,618.06","","0.35%"
"10/10/2019","1,615.50","1,612.39","1,618.70","1,611.65","","0.14%"
"10/09/2019","1,613.29","1,610.83","1,615.11","1,609.94","","-0.03%"
"10/08/2019","1,613.75","1,611.48","1,615.78","1,609.67","","-0.01%"
"10/07/2019","1,613.85","1,615.51","1,615.56","1,611.19","","-0.07%"
"10/04/2019","1,614.99","1,610.38","1,615.53","1,610.32","","0.36%"
"10/03/2019","1,609.25","1,605.73","1,610.30","1,605.08","","0.25%"
"10/02/2019","1,605.18","1,604.27","1,605.25","1,602.69","","0.00%"
"10/01/2019","1,605.10","1,607.63","1,608.10","1,602.29","","-0.18%"
"09/30/2019","1,607.99","1,609.14","1,610.35","1,606.26","","-0.16%"
"09/27/2019","1,610.63","1,608.92","1,611.20","1,607.28","","0.08%"
"09/26/2019","1,609.28","1,610.26","1,611.21","1,607.77","","0.00%"
"09/25/2019","1,609.36","1,612.63","1,613.04","1,606.78","","-0.21%"
"09/24/2019","1,612.75","1,613.11","1,614.32","1,611.05","","0.03%"
"09/23/2019","1,612.29","1,614.84","1,615.55","1,611.03","","-0.19%"
"09/20/2019","1,615.32","1,613.36","1,617.90","1,613.05","","-0.01%"
"09/19/2019","1,615.47","1,617.60","1,617.60","1,612.98","","-0.15%"
"09/18/2019","1,617.95","1,618.15","1,619.70","1,616.18","","0.16%"
"09/17/2019","1,615.42","1,620.65","1,620.74","1,613.63","","-0.38%"
"09/16/2019","1,621.60","1,622.44","1,622.45","1,619.25","","0.04%"
"09/13/2019","1,621.00","1,621.56","1,624.77","1,621.00","","0.17%"
"09/12/2019","1,618.31","1,613.06","1,623.79","1,612.59","","0.43%"
"09/11/2019","1,611.37","1,611.53","1,613.01","1,609.98","","0.07%"
"09/10/2019","1,610.32","1,609.14","1,611.75","1,608.44","","0.08%"
"09/09/2019","1,608.99","1,609.99","1,611.31","1,608.58","","0.03%"
"09/06/2019","1,608.47","1,603.30","1,610.54","1,602.24","","0.30%"
"09/05/2019","1,603.63","1,602.54","1,605.40","1,601.99","","0.26%"
"09/04/2019","1,599.49","1,591.65","1,602.31","1,591.54","","0.59%"
"09/03/2019","1,590.04","1,589.97","1,591.21","1,587.38","","-0.20%"
"09/02/2019","1,593.29","1,594.04","1,594.18","1,589.73","","-0.14%"
"08/30/2019","1,595.45","1,593.80","1,595.95","1,591.47","","0.28%"
"08/29/2019","1,590.98","1,589.66","1,594.49","1,587.53","","0.02%"
"08/28/2019","1,590.62","1,593.55","1,593.55","1,589.73","","-0.10%"
"08/27/2019","1,592.22","1,593.16","1,594.52","1,590.36","","-0.06%"
"08/26/2019","1,593.14","1,597.29","1,597.29","1,591.58","","-0.65%"
"08/23/2019","1,603.53","1,602.03","1,605.19","1,597.03","","0.05%"
"08/22/2019","1,602.72","1,607.55","1,607.55","1,600.83","","-0.22%"
"08/21/2019","1,606.21","1,603.82","1,608.26","1,602.89","","0.19%"
"08/20/2019","1,603.12","1,601.42","1,604.34","1,599.90","","-0.05%"
"08/19/2019","1,603.92","1,607.66","1,607.95","1,600.98","","-0.20%"
"08/16/2019","1,607.14","1,606.54","1,609.17","1,604.67","","0.05%"
"08/15/2019","1,606.35","1,603.96","1,606.57","1,601.33","","-0.03%"
"08/14/2019","1,606.77","1,612.47","1,613.60","1,603.36","","0.08%"
"08/13/2019","1,605.51","1,605.11","1,613.17","1,600.39","","0.04%"
"08/12/2019","1,604.79","1,609.37","1,609.95","1,602.65","","-0.41%"
"08/09/2019","1,611.36","1,615.59","1,615.62","1,608.19","","-0.12%"
"08/08/2019","1,613.28","1,608.18","1,615.77","1,607.26","","0.27%"
"08/07/2019","1,608.90","1,612.08","1,612.30","1,604.64","","-0.10%"
"08/06/2019","1,610.53","1,606.36","1,614.47","1,605.55","","-0.02%"
"08/05/2019","1,610.78","1,626.43","1,627.18","1,606.66","","-1.04%"
"08/02/2019","1,627.68","1,636.64","1,637.32","1,625.39","","-0.76%"
"08/01/2019","1,640.17","1,645.12","1,645.12","1,635.50","","-0.60%"
"07/31/2019","1,650.14","1,648.89","1,651.57","1,643.91","","0.08%"
"07/30/2019","1,648.80","1,648.52","1,650.41","1,647.91","","0.07%"
"07/29/2019","1,647.57","1,648.87","1,649.72","1,646.62","","-0.03%"
"07/26/2019","1,647.99","1,650.08","1,650.30","1,647.48","","-0.17%"
"07/25/2019","1,650.80","1,652.40","1,653.79","1,648.95","","-0.13%"
"07/24/2019","1,653.01","1,651.10","1,653.44","1,650.20","","0.08%"
"07/23/2019","1,651.77","1,653.95","1,654.17","1,650.43","","-0.14%"
"07/22/2019","1,654.03","1,653.86","1,654.67","1,652.42","","-0.05%"
"07/19/2019","1,654.80","1,656.90","1,657.50","1,653.18","","0.11%"
"07/18/2019","1,652.94","1,651.97","1,656.04","1,650.76","","0.11%"
"07/17/2019","1,651.18","1,652.24","1,652.27","1,649.91","","-0.13%"
"07/16/2019","1,653.28","1,653.76","1,654.86","1,651.63","","-0.07%"
"07/15/2019","1,654.36","1,652.83","1,655.18","1,651.74","","0.20%"
"07/12/2019","1,651.11","1,654.12","1,654.15","1,650.54","","-0.19%"
"07/11/2019","1,654.28","1,651.72","1,655.75","1,651.46","","0.40%"
"07/10/2019","1,647.65","1,644.42","1,651.96","1,644.29","","0.14%"
"07/09/2019","1,645.30","1,645.60","1,646.03","1,643.44","","-0.02%"
"07/08/2019","1,645.64","1,645.22","1,646.95","1,642.72","","-0.11%"
"07/05/2019","1,647.38","1,650.88","1,650.88","1,643.60","","-0.23%"
"07/04/2019","1,651.14","1,648.31","1,651.56","1,648.07","","0.30%"
"07/03/2019","1,646.20","1,648.42","1,648.59","1,644.55","","-0.04%"
"07/02/2019","1,646.91","1,651.10","1,651.10","1,645.58","","-0.41%"
"07/01/2019","1,653.73","1,651.07","1,653.73","1,649.48","","0.24%"
"06/28/2019","1,649.77","1,648.86","1,650.97","1,647.66","","0.21%"
"06/27/2019","1,646.39","1,647.38","1,648.24","1,645.23","","0.07%"
"06/26/2019","1,645.16","1,645.49","1,647.43","1,642.41","","-0.03%"
"06/25/2019","1,645.68","1,647.93","1,648.44","1,644.10","","0.02%"
"06/24/2019","1,645.43","1,645.64","1,647.15","1,644.00","","0.14%"
"06/21/2019","1,643.18","1,646.04","1,647.32","1,641.37","","-0.07%"
"06/20/2019","1,644.30","1,635.97","1,647.02","1,635.50","","0.84%"
"06/19/2019","1,630.57","1,631.31","1,635.78","1,629.82","","0.25%"
"06/18/2019","1,626.43","1,622.10","1,631.84","1,621.64","","0.28%"
"06/17/2019","1,621.96","1,622.14","1,622.76","1,621.02","","-0.07%"
"06/14/2019","1,623.16","1,624.86","1,624.86","1,620.91","","-0.08%"
"06/13/2019","1,624.47","1,624.59","1,625.09","1,623.28","","-0.14%"
"06/12/2019","1,626.79","1,628.01","1,628.27","1,623.88","","-0.01%"
"06/11/2019","1,626.88","1,622.54","1,628.09","1,622.15","","0.27%"
"06/10/2019","1,622.48","1,624.10","1,624.48","1,620.29","","-0.06%"
"06/07/2019","1,623.43","1,623.07","1,624.28","1,618.51","","0.09%"
"06/06/2019","1,621.92","1,622.39","1,624.20","1,620.68","","-0.08%"
"06/05/2019","1,623.16","1,625.54","1,627.19","1,620.68","","0.03%"
"06/04/2019","1,622.73","1,623.56","1,625.29","1,621.48","","0.07%"
"06/03/2019","1,621.57","1,617.46","1,624.18","1,617.08","","0.25%"
"05/31/2019","1,617.54","1,613.42","1,618.00","1,611.18","","0.12%"
"05/30/2019","1,615.57","1,613.69","1,616.48","1,613.69","","0.23%"
"05/29/2019","1,611.94","1,614.21","1,614.21","1,609.04","","-0.16%"
"05/28/2019","1,614.47","1,618.59","1,618.74","1,613.58","","-0.30%"
"05/27/2019","1,619.36","1,618.70","1,620.72","1,618.19","","0.19%"
"05/24/2019","1,616.28","1,613.71","1,618.50","1,612.92","","0.23%"
"05/23/2019","1,612.65","1,615.50","1,615.68","1,610.18","","-0.18%"
"05/22/2019","1,615.53","1,615.38","1,616.97","1,612.56","","0.13%"
"05/21/2019","1,613.43","1,613.13","1,615.37","1,610.23","","0.04%"
"05/20/2019","1,612.82","1,610.47","1,613.94","1,610.47","","0.05%"
"05/17/2019","1,611.94","1,617.31","1,617.68","1,609.37","","-0.49%"
"05/16/2019","1,619.87","1,621.28","1,622.21","1,617.10","","-0.08%"
"05/15/2019","1,621.12","1,620.48","1,622.34","1,617.62","","0.09%"
"05/14/2019","1,619.71","1,617.74","1,621.65","1,617.28","","0.01%"
"05/13/2019","1,619.53","1,629.68","1,629.71","1,616.64","","-0.61%"
"05/10/2019","1,629.50","1,625.92","1,631.22","1,625.92","","0.25%"
"05/09/2019","1,625.39","1,632.88","1,633.22","1,622.27","","-0.58%"
"05/08/2019","1,634.94","1,631.54","1,634.94","1,630.80","","0.05%"
"05/07/2019","1,634.19","1,633.83","1,635.35","1,630.28","","0.02%"
"05/06/2019","1,633.85","1,638.55","1,638.56","1,631.88","","-0.26%"
"05/03/2019","1,638.13","1,635.53","1,640.12","1,634.36","","0.14%"
"05/02/2019","1,635.77","1,638.53","1,639.99","1,634.64","","-0.20%"
"05/01/2019","1,639.02","1,640.04","1,641.42","1,638.31","","0.08%"
"04/30/2019","1,637.78","1,639.19","1,639.98","1,635.55","","-0.10%"
"04/29/2019","1,639.37","1,639.44","1,640.43","1,638.54","","0.06%"
"04/26/2019","1,638.32","1,635.35","1,640.18","1,634.98","","0.19%"
"04/25/2019","1,635.19","1,637.52","1,637.74","1,630.41","","-0.36%"
"04/24/2019","1,641.03","1,645.59","1,645.64","1,636.90","","-0.25%"
"04/23/2019","1,645.12","1,647.79","1,648.31","1,642.74","","-0.16%"
"04/22/2019","1,647.69","1,651.14","1,651.19","1,647.33","","-0.13%"
"04/19/2019","1,649.91","1,650.03","1,650.89","1,649.89","","0.01%"
"04/18/2019","1,649.74","1,653.59","1,653.59","1,648.12","","-0.17%"
"04/17/2019","1,652.59","1,649.60","1,654.47","1,649.26","","0.17%"
"04/16/2019","1,649.80","1,651.41","1,651.67","1,648.50","","-0.12%"
"04/15/2019","1,651.85","1,652.68","1,653.57","1,651.13","","0.03%"
"04/12/2019","1,651.29","1,649.39","1,653.42","1,648.55","","-0.02%"
"04/11/2019","1,651.61","1,652.59","1,652.99","1,648.95","","-0.02%"
"04/10/2019","1,651.88","1,648.99","1,652.78","1,647.42","","0.18%"
"04/09/2019","1,648.83","1,646.87","1,649.95","1,646.37","","0.23%"
"04/08/2019","1,645.01","1,647.36","1,647.52","1,643.24","","-0.17%"
"04/05/2019","1,647.73","1,647.52","1,648.59","1,646.47","","0.05%"
"04/04/2019","1,646.84","1,649.07","1,649.47","1,644.69","","-0.20%"
"04/03/2019","1,650.18","1,645.27","1,650.55","1,645.14","","0.30%"
"04/02/2019","1,645.24","1,647.21","1,647.82","1,643.63","","-0.09%"
"04/01/2019","1,646.70","1,641.30","1,646.90","1,641.30","","0.34%"
"03/29/2019","1,641.04","1,638.84","1,643.44","1,638.47","","0.23%"
"03/28/2019","1,637.21","1,636.63","1,638.59","1,632.77","","-0.13%"
"03/27/2019","1,639.37","1,645.23","1,645.24","1,636.80","","-0.39%"
"03/26/2019","1,645.76","1,647.58","1,649.31","1,644.53","","-0.10%"
"03/25/2019","1,647.40","1,641.37","1,647.97","1,641.18","","0.17%"